epoch,accuracy,loss,val_accuracy,val_loss
0,0.0,7.500730799525813,0.0,7.498139937718709
1,0.0,7.499360118199614,0.0,7.49683829943339
2,0.0,7.498058550690124,0.0,7.495564778645833
3,0.0,7.496766396578825,0.0,7.494314686457316
4,0.0,7.495516175695548,0.0,7.493092314402262
5,0.0,7.494287526832436,0.0,7.491894515355428
6,0.0,7.493084417054077,0.0,7.490723419189453
