epoch,accuracy,loss,val_accuracy,val_loss
0,0.0,12.912265196613882,0.0,15.537549591064453
1,0.0,15.55459085004083,0.0,14.039448547363282
2,0.0,13.229653895586386,0.0,14.263480186462402
3,0.0,14.070937748613028,0.0,13.634772682189942
4,0.0,12.965693155924479,0.0,13.695899772644044
5,0.0,13.358561384266821,0.0,13.163212394714355
6,0.0,12.702511173555221,0.0,13.315043067932129
7,0.0,12.888220425309806,0.0,12.950473976135253
8,0.0,12.510320455178448,0.0,12.937560653686523
