epoch,accuracy,loss,val_accuracy,val_loss
0,0.0,12.811923106511435,0.0,4.279359499613444
1,0.0,12.799125242233277,0.0,4.275210698445638
